prediction_metric,column_name,n_samples,pearson_r,pearson_p,spearman_r,spearman_p,auroc,threshold,n_positive,n_negative
DNase (Center),dnase_center,18,-0.624796064422831,0.005567766200473009,-0.6697626418988648,0.0023600851881755407,0.1111111111111111,-1.0118480175477864,9,9
DNase (Mean),dnase_mean,18,-0.48082565480653466,0.04338904738204074,-0.5397316821465429,0.020782714646741193,0.1728395061728395,-1.0118480175477864,9,9
RNA-seq (Center),rna_center,18,-0.5677137404935875,0.013987922947322368,-0.6904024767801857,0.0015160249841227721,0.061728395061728426,-1.0118480175477864,9,9
RNA-seq (Mean),rna_mean,18,-0.36961613676007504,0.13113943904886557,-0.46955624355005166,0.04929337692796817,0.2098765432098766,-1.0118480175477864,9,9
CAGE (Center),cage_center,18,-0.6425480784837827,0.004030849660841098,-0.6697626418988648,0.0023600851881755407,0.1234567901234568,-1.0118480175477864,9,9
CAGE (Mean),cage_mean,18,-0.614886178751059,0.006613960014173653,-0.6573787409700722,0.0030302895427941658,0.1234567901234568,-1.0118480175477864,9,9
