prediction_metric,column_name,n_samples,pearson_r,pearson_p,spearman_r,spearman_p,auroc,threshold,n_positive,n_negative
DNase (Center),dnase_center,6863,0.053272124133941216,1.0074598693388807e-05,0.09521738116540353,2.687035641720276e-15,0.5375301736056619,-0.9993231550235276,3431,3432
DNase (Mean),dnase_mean,6863,0.04243102236337433,0.0004379922690911409,0.09092527634137494,4.460581535702161e-14,0.5393825425521724,-0.9993231550235276,3431,3432
RNA-seq (Center),rna_center,6863,0.010152596036763975,0.40038027624932787,0.07067471789565997,4.595758402626671e-09,0.5222751357260247,-0.9993231550235276,3431,3432
RNA-seq (Mean),rna_mean,6863,0.006002899967390691,0.6190385089183454,0.07034728443965868,5.412624968814953e-09,0.5150294789248447,-0.9993231550235276,3431,3432
CAGE (Center),cage_center,6863,0.04025192580711092,0.0008519405760346198,0.11889283328217884,4.946083693715468e-23,0.5428912751486344,-0.9993231550235276,3431,3432
CAGE (Mean),cage_mean,6863,-0.004560535244881057,0.7056218218687538,0.08506356583279204,1.6836743728558155e-12,0.5220929730912243,-0.9993231550235276,3431,3432
