prediction_metric,column_name,n_samples,pearson_r,pearson_p,spearman_r,spearman_p,auroc,threshold,n_positive,n_negative
DNase (Center),dnase_center,6963,0.05311827306204359,9.217161646073344e-06,0.095941664373433,1.0328746640090224e-15,0.5367603174762942,-1.0011222832467068,3481,3482
DNase (Mean),dnase_mean,6963,0.042321789405885976,0.00041169216623210936,0.09312155874836743,6.9154164324358e-15,0.5393571667710874,-1.0011222832467068,3481,3482
RNA-seq (Center),rna_center,6963,0.01014182721782162,0.397468814075311,0.06585548076162995,3.792136095973871e-08,0.5194019524386178,-1.0011222832467068,3481,3482
RNA-seq (Mean),rna_mean,6963,0.005993231412314088,0.6170627859058436,0.06706722411518493,2.122597899959489e-08,0.512926494710516,-1.0011222832467068,3481,3482
CAGE (Center),cage_center,6963,0.040171065997517116,0.0007999569121981279,0.11790739646747682,5.53765540625624e-23,0.5417169863281774,-1.0011222832467068,3481,3482
CAGE (Mean),cage_mean,6963,-0.00456339208177565,0.7034080515647401,0.08558629411116092,8.455612402539596e-13,0.5220671963218396,-1.0011222832467068,3481,3482
