strand,n_variants,n_samples,pearson_r,pearson_p,spearman_r,spearman_p
+,3885,3885,-0.0014017176110606164,0.930400734243745,0.09159402149840651,1.0701289397855785e-08
-,2978,2978,0.16777499206116153,3.049036316671878e-20,0.186142348266455,1.2674779770795615e-24
