strand,n_variants,n_samples,pearson_r,pearson_p,spearman_r,spearman_p
+,3885,3885,-0.0014017176110606164,0.930400734243745,0.09159402149840651,1.0701289397855785e-08
-,3078,3078,0.16304495647525905,8.787809652255412e-20,0.18535366897164587,3.425000155873609e-25
