tf_name,n_variants,pearson_r,pearson_p,spearman_r,spearman_p
wt,18,0.0775068609722073,0.759843455125324,0.5252837977296182,0.02518359155961345
