metric,n_samples,mutant_pearson_r,mutant_pearson_p,mutant_spearman_r,wt_pearson_r,wt_pearson_p,wt_spearman_r,delta_pearson_r,improvement
dnase_center,4745753,0.07463398346227355,0.0,0.03674992078954539,0.07160733973189512,0.0,0.03674330654656666,-0.003026643730378434,No
rna_center,4745753,0.04795316177740458,0.0,0.11686376813207464,0.048041060129891885,0.0,0.11687551998090871,8.789835248730615e-05,Yes
cage_center,4745753,0.0912661153111425,0.0,0.13473482392115835,0.09177063736123117,0.0,0.1367594619815459,0.0005045220500886766,Yes
