metric,n_samples,mutant_pearson_r,mutant_pearson_p,mutant_spearman_r,wt_pearson_r,wt_pearson_p,wt_spearman_r,delta_pearson_r,improvement
dnase_center,4798353,0.07432845914269523,0.0,0.0374785527530417,0.07126533983967388,0.0,0.037464525953400295,-0.003063119303021347,No
rna_center,4798353,0.04810857294651639,0.0,0.11136320701765391,0.04819728804259382,0.0,0.11137476626334024,8.871509607743383e-05,Yes
cage_center,4798353,0.09094380595368351,0.0,0.13340225322211932,0.09133857919124523,0.0,0.13887993790554784,0.00039477323756172134,Yes
